{
    "Address_Block": {
        "rect": [
            62.0,
            96.5,
            166.5,
            159.5
        ],
        "font_size": 9.0,
        "line_height": 10.2
    },
    "Invoice_Table": {
        "rect": [
            421.5,
            128.5,
            528.5,
            192.0
        ],
        "font_size": 9.0,
        "line_height": 10.8
    },
    "Premises_Block": {
        "rect": [
            62.0,
            193.5,
            282.0,
            203.0
        ],
        "font_size": 9.0,
        "line_height": 10.2
    },
    "Page_1_Shield": {
        "rect": [
            473.0,
            193.0,
            513.5,
            208.0
        ],
        "font_size": 0.0,
        "line_height": 0.0
    },
    "Finance_Date_Zone": {
        "rect": [
            84.5,
            285.0,
            261.5,
            295.0
        ],
        "font_size": 9.1,
        "line_height": 14.5
    },
    "Fin_Val_1_PrevBal": {
        "rect": [
            333.0,
            261.5,
            372.5,
            273.0
        ],
        "font_size": 9.000000000000002,
        "line_height": 0.0,
        "align": "right"
    },
    "Fin_Val_2_Payment": {
        "rect": [
            336.0,
            286.0,
            372.5,
            298.5
        ],
        "font_size": 9.000000000000002,
        "line_height": 0.0,
        "align": "right"
    },
    "Fin_Val_3_AccBalBefore": {
        "rect": [
            336.5,
            308.5,
            372.0,
            324.0
        ],
        "font_size": 9.000000000000002,
        "line_height": 0.0,
        "align": "right"
    },
    "Fin_Val_4_Trans": {
        "rect": [
            336.5,
            334.5,
            372.5,
            348.0
        ],
        "font_size": 9.000000000000002,
        "line_height": 0.0,
        "align": "right"
    },
    "Fin_Val_5_NewBal": {
        "rect": [
            340.0,
            371.0,
            372.5,
            381.0
        ],
        "font_size": 9.000000000000002,
        "line_height": 0.0,
        "align": "right"
    }
}